{"0": {"filepath": "data/demo/robot/processed/0.png", "R": [[-0.3460734188556671, -0.3564527630805969, -0.8678562045097351], [0.018265962600708008, 0.9222802519798279, -0.3860900104045868], [0.9380297064781189, -0.14946773648262024, -0.31266576051712036]], "T": [-0.007794477511197329, -0.02685476839542389, 1.7520718574523926], "needs_checking": false, "principal_point": [127.98394775390625, 128.59259033203125], "focal_length": [267.7435302734375, 267.7435302734375], "flag": 1}, "1": {"filepath": "data/demo/robot/processed/1.png", "R": [[0.443996399641037, -0.37684696912765503, -0.8129289150238037], [0.01764056645333767, 0.9107582569122314, -0.41256266832351685], [0.8958548903465271, 0.1688358336687088, 0.41102126240730286]], "T": [-0.04763741046190262, -0.014216466806828976, 1.8238935470581055], "needs_checking": false, "principal_point": [128.2845001220703, 128.2235107421875], "focal_length": [272.9372253417969, 272.9372253417969], "flag": 1}, "2": {"filepath": "data/demo/robot/processed/2.png", "R": [[0.9467487931251526, -0.13886359333992004, -0.2904888093471527], [0.0034100711345672607, 0.906487762928009, -0.4222184419631958], [0.32195529341697693, 0.398744136095047, 0.8586897850036621]], "T": [0.0005372537416405976, 0.03675109148025513, 1.8341397047042847], "needs_checking": false, "principal_point": [127.99854278564453, 127.59041595458984], "focal_length": [264.65667724609375, 264.65667724609375], "flag": 1}, "3": {"filepath": "data/demo/robot/processed/3.png", "R": [[0.9471803903579712, 0.1420528143644333, 0.28752419352531433], [0.0015226304531097412, 0.8945468664169312, -0.4469715356826782], [-0.32069751620292664, 0.423800528049469, 0.8470811247825623]], "T": [0.06573180109262466, 0.03264917433261871, 1.9127461910247803], "needs_checking": false, "principal_point": [128.15907287597656, 128.06243896484375], "focal_length": [270.30401611328125, 270.30401611328125], "flag": 1}, "4": {"filepath": "data/demo/robot/processed/4.png", "R": [[0.6925079226493835, 0.29841554164886475, 0.6567960977554321], [0.010166823863983154, 0.9063060283660889, -0.4225000739097595], [-0.7213388681411743, 0.2992621660232544, 0.6245900988578796]], "T": [-0.012329469434916973, 0.04421071708202362, 1.8847460746765137], "needs_checking": false, "principal_point": [127.9515609741211, 127.92391967773438], "focal_length": [263.61480712890625, 263.61480712890625], "flag": 1}, "5": {"filepath": "data/demo/robot/processed/5.png", "R": [[-0.37422144412994385, 0.36782386898994446, 0.8512719869613647], [0.010180841200053692, 0.9195466637611389, -0.3928489089012146], [-0.9272834658622742, -0.138345867395401, -0.34785890579223633]], "T": [-0.0035343316849321127, -0.028549309819936752, 2.081500768661499], "needs_checking": false, "principal_point": [127.58421325683594, 127.53193664550781], "focal_length": [267.4992980957031, 267.4992980957031], "flag": 1}, "6": {"filepath": "data/demo/robot/processed/6.png", "R": [[-0.8721609115600586, 0.22507715225219727, 0.43436843156814575], [0.021797463297843933, 0.9048773050308228, -0.42511433362960815], [-0.4887334704399109, -0.36129993200302124, -0.7941046357154846]], "T": [0.029425859451293945, -0.02107315883040428, 1.7650185823440552], "needs_checking": false, "principal_point": [127.55075073242188, 127.52339172363281], "focal_length": [267.63031005859375, 267.63031005859375], "flag": 1}, "7": {"filepath": "data/demo/robot/processed/7.png", "R": [[-0.928956925868988, -0.15959835052490234, -0.3340173363685608], [-0.014989763498306274, 0.9177680611610413, -0.3968338370323181], [0.36988455057144165, -0.3636346757411957, -0.8549594283103943]], "T": [0.029176628217101097, -0.02039351873099804, 1.7417131662368774], "needs_checking": false, "principal_point": [127.94654083251953, 127.7032241821289], "focal_length": [272.2658386230469, 272.2658386230469], "flag": 1}}